{"cameraMode":{"drawMode":0,"name":"Shaded","section":"Shading Mode"},"sceneLighting":true,"audioPlay":false,"sceneViewState":{"showFog":true,"showMaterialUpdate":true,"showSkybox":true,"showFlares":true,"showImageEffects":true,"showParticleSystems":true},"in2DMode":false,"pivot":{"x":0.17548447847366334,"y":0.2517760992050171,"z":0.5854439735412598},"rotation":{"x":0.08021289855241776,"y":-0.09792469441890717,"z":-0.007918794639408589,"w":-0.9919250011444092},"size":0.33517682552337649,"orthographic":false}